Number_of_Customers,Menu_Price,Marketing_Spend,Cuisine_Type,Average_Customer_Spending,Promotions,Reviews,Monthly_Revenue
61,43.117635487099676,12.663792520269281,Japanese,36.23613252393598,0,45,
24,40.02007699061254,4.577892096932272,Italian,17.95256243749612,0,36,
81,41.98148523678063,4.6529107712536195,Japanese,22.600420287336984,1,91,
70,43.00530706771189,4.416052595712783,Italian,18.984097602995394,1,59,
30,17.456199471525764,3.475051913,Italian,12.766142708740048,1,30,
92,19.42766984259999,13.114473451233126,American,43.099949665426934,1,10,
96,35.35034254880709,16.96031770498803,American,20.181621716866445,0,86,
84,46.31464521850064,14.486349393533224,Italian,28.921100133720827,1,1,
84,22.647863291859785,15.841872675210864,American,11.732610930172477,0,26,
97,33.53226703180226,8.095968581703996,Italian,37.97357865010572,0,98,
33,37.31928253668529,13.081515907439963,Mexican,23.22244009225163,0,1,
12,28.07794405196157,7.084724808895491,American,39.789469113168394,0,20,
31,38.55129819421304,10.51009244,American,26.496122418714645,0,57,
62,45.98669781168692,9.632696930697247,American,17.830224256224984,0,4,
11,34.964061767273506,3.537742902877088,Mexican,30.527003291281435,0,51,
97,31.59124247658532,7.741575206712616,Italian,15.22018238549759,1,44,
39,27.54978701553356,19.27644550964702,Japanese,27.62156639491979,0,84,
47,33.099450836245026,4.9716051542988415,American,22.69221909681946,1,92,
11,24.214498072735836,2.6760747255897743,Italian,46.47838336798533,1,19,
73,25.659284408060078,8.371612432478706,Mexican,12.437148868828798,0,60,
69,31.27429918752696,15.806754717202962,Japanese,37.76069656422968,0,37,
30,12.664764495632678,11.642964595599445,American,17.310046639497436,1,19,
42,19.161015636991856,13.61949654476489,Mexican,22.761802973289594,1,24,
85,31.713972424536358,3.7938969634935438,Mexican,26.620562522482636,1,1,
67,27.261125725457703,12.37896386015443,Japanese,46.32060357499897,1,31,
31,23.312631436499373,6.4700078982294755,Italian,19.703130642953006,0,25,
98,39.22196547237206,16.68606731909535,American,13.652352101786809,0,69,
58,37.74870429613354,12.585976120214724,American,22.747584159620942,0,40,
68,16.669230399735326,3.977125555505918,Italian,14.187038821421334,1,66,
51,45.14516461493753,1.292333596881723,Italian,15.143859438422101,0,96,
69,29.816945056158627,0.8526641857406547,Italian,32.95402391900107,1,0,
89,39.65843644556182,7.428171353002815,Japanese,12.436077323979733,0,50,
24,32.92603397029555,5.317022733,Japanese,11.237235255742641,1,4,
71,49.90770463695373,12.92180246925016,American,38.57656405881991,0,12,
71,40.096124801552904,9.986676699572365,Japanese,24.46588379364178,0,18,
56,38.279218449738366,5.320385560107614,Mexican,15.015013969354932,1,11,
71,41.142877562030044,2.9847555590035224,American,20.144510834388328,1,47,
60,15.725119421938786,2.543995253748992,Japanese,35.683460294095966,1,24,
64,18.18178372677853,17.293207842808354,Italian,21.02146268563405,1,56,
73,38.56256328894457,4.869559368097345,Mexican,29.780845004816317,1,34,
12,29.759259485234505,13.034212958219367,Italian,14.867812269066892,0,75,
60,40.18541167440466,16.213718559725326,American,33.52374550421788,1,93,
16,14.11664123,12.281626223694722,Italian,22.643107353730564,0,4,
30,31.459254059383788,17.191304632938916,Japanese,35.07873738114866,0,97,
82,25.15286262227663,7.847874431,Japanese,42.33579529216092,0,21,
48,28.280008771267134,19.124443812978967,American,34.46585678,0,76,
27,34.15831488,2.6629000835619387,Italian,21.829902503800827,0,56,
13,30.091533898501204,2.042990593150762,American,20.229748061932014,1,46,
98,31.59442548451347,13.173842924148872,Italian,23.096838349337922,1,53,
69,29.454299279824312,18.856622828265234,Mexican,16.584820529460195,0,2,
23,26.358207083419728,16.17766923272656,Japanese,17.246874034000804,0,52,
18,40.87527922,1.5283371887610286,American,41.62764407600672,1,83,
99,10.48812289272178,5.5873542786943275,Mexican,25.38930306,1,30,
62,33.93770804820908,18.606377696756475,Mexican,27.439807222823433,0,68,
11,32.62033389291895,5.061168656015691,American,33.761978622672444,1,87,
93,38.64716298931809,15.623408475738385,American,33.58613980606191,1,32,
69,33.961174591093055,16.502643918574076,Mexican,12.695074860877028,1,71,
80,43.07195311236313,9.909042069219636,Italian,43.261631453506624,0,87,
53,48.36299178256111,7.726978197,Mexican,17.093062128957577,1,49,
17,23.700970287141736,9.002488648395193,American,38.92286544198676,0,83,
56,19.09403932119948,4.539293887307283,Mexican,40.906839525126664,0,15,
44,26.943874496819316,17.787818322576886,Italian,38.59598136365255,0,75,
87,21.517184659029045,9.012393134595158,Japanese,33.15910586216581,0,76,
90,34.59801052610618,17.649188809121995,Japanese,10.584359884355315,0,38,
45,46.474096353718586,2.113869598125482,Mexican,24.415019694526826,1,88,
59,15.564647765722475,19.765505420002626,Italian,34.19357717450325,0,45,
13,14.03178412063546,8.865461748872365,Japanese,25.498051836901546,0,95,
11,20.240621274146488,0.9566164078821093,Mexican,44.53919579651252,0,87,
15,39.043823442496034,0.7604369647490983,Mexican,22.352091013984612,1,46,
63,33.71851621035286,14.924145149636772,Italian,21.74139169834642,1,43,
13,14.088506569007983,13.180710684073615,American,20.63990772370632,1,8,
63,46.75002089042986,16.04261116255175,Mexican,23.31123475843182,1,86,
72,41.60338548496347,2.107350679056119,American,32.29619857256749,1,49,
27,10.92090419,0.711417341,American,38.28061177090363,1,76,
99,36.05468843952984,10.17158578895157,Japanese,36.50271670955141,1,59,
53,40.84986674078952,7.751904629655391,American,42.30871279925918,0,95,
43,24.97741478881688,9.238938733419115,Italian,45.43655982,0,14,
83,12.756861574688752,19.83176817740548,Japanese,42.64316169373405,1,35,
71,13.09284261955149,19.414999153413405,Japanese,10.757816134974183,0,62,
23,14.16987864207238,18.846307793463858,Japanese,39.43671814207955,0,68,
57,43.61758527921692,15.676853535353477,Mexican,18.335982944733264,1,85,
24,46.427447930228524,7.096827205137808,Mexican,15.317121708319306,0,79,
81,14.912431273829352,8.242618605255432,American,35.53955139196542,0,40,
87,19.43624138380325,10.992320874378489,Japanese,22.789727816307796,1,73,
96,16.62082041469159,16.610689128096798,Japanese,12.28468653481773,0,23,
71,17.452835179764826,1.3742566503653553,Italian,15.505189375934453,1,81,
49,43.49963156009969,8.485937717697762,American,10.037176674798442,1,48,
94,23.285856506197558,1.6523532691853737,Italian,46.12894509378829,0,17,
89,22.457770561825647,10.293151731470232,American,10.984719353649544,0,6,
91,19.095824835084507,17.978016480124708,American,18.37823078038044,0,3,
62,34.315775751770346,15.649698491278759,Mexican,26.650511227516294,1,89,
33,25.172227935421954,4.556848350862199,Mexican,24.262853038032762,1,68,
35,39.76998607373155,19.519816991975848,Italian,46.46903507651103,1,59,
98,18.22319234,13.347007960928568,American,11.611557829381685,0,54,
69,41.51159554857969,0.20855398794806135,Japanese,30.48858830708206,0,15,
50,34.14886126920556,5.108269694,Mexican,37.21917850097496,1,98,
38,14.57069200222751,5.214265998,Japanese,47.267918947246756,0,89,
24,26.580183368145107,1.3850861257171987,Italian,34.814850084948844,0,81,
54,44.54072562451828,19.19653036151858,Mexican,42.150209440470505,1,28,
74,46.918409271939396,9.565105891518474,Mexican,13.348997513813936,1,22,
98,28.62800489275253,17.91629194743764,American,25.437580437477095,0,13,
80,29.233479123562944,6.444310068892567,Italian,24.957885379162697,1,78,
18,46.738188997572045,2.5046714086565425,American,45.45152866,0,48,
97,33.48272896546269,9.486722198124278,Mexican,16.054846850530996,1,32,
10,11.313866809737533,2.2791326942863432,Italian,16.075446893465212,1,24,
17,46.50997851516515,9.720310059550798,Mexican,23.14232599543194,1,20,
97,19.929057710286074,18.405943624388154,Italian,12.178641894673504,0,16,
72,33.10527816366189,10.415362836684254,Mexican,17.29832163,0,22,
20,16.620532697118954,12.329994537901669,Japanese,48.608385541829406,1,56,
90,11.355166409863799,3.132768739476166,Japanese,27.127357594686913,1,80,
17,22.458926845310295,0.8747125175993897,American,35.28076833689745,1,57,
44,41.219828301843506,2.216159243596141,Japanese,39.04445037378548,0,13,
44,21.103486905176723,11.970631513687312,Mexican,24.678456280288017,1,92,
42,18.80388856324388,1.9002339798460932,Mexican,15.889082976420678,1,19,
14,18.507231373649052,7.519857798826228,Japanese,18.263240648871232,1,29,
50,30.606947296272505,11.00183880916312,American,22.530659063224412,1,18,
37,49.02165262731025,7.773055972596941,Japanese,35.44273681408903,0,52,
16,28.35955952068052,3.2736760293060296,Italian,25.931221963562177,0,55,
82,32.29221475560192,5.47582615,Italian,10.272587916005126,1,76,
81,44.425280715629356,18.56635065697154,Italian,30.936287402698873,0,81,
21,31.402788757346343,13.519645511727107,Japanese,46.86053567629671,0,22,
43,17.378514856754244,9.920956774,Japanese,42.48310444034716,0,61,
42,21.98383647065908,0.25429779973787037,Japanese,43.00845485038524,1,32,
57,22.397477050744435,19.848308009789402,Italian,41.80232070424525,0,17,
32,25.892724618303916,13.429098697892865,American,22.949233024416948,0,72,
71,27.071556213469975,6.338449546898898,Mexican,40.60775335017568,0,32,
97,41.99128088297078,17.585373199956763,Japanese,15.72645431244772,1,31,
46,23.97547996197332,5.168632405836362,American,36.30864589103814,1,60,
53,28.729273137655174,10.880331583655032,Mexican,35.662742667399776,0,53,
95,34.99903948204209,12.721415274596502,Mexican,11.022791963589388,0,16,
44,25.109037897606772,4.421267429074569,Mexican,41.51880534363727,1,18,
74,43.46259253169332,19.56794557601192,American,46.129924203805224,1,90,
56,33.49814416936297,14.96383811957995,American,20.696611138884307,0,69,
87,21.76178716883886,11.156264510221398,Italian,42.49562896744604,0,98,
12,38.56236799159313,3.6118919635060176,American,13.296238874477929,1,33,
10,31.105909205791434,1.0771641399605225,American,33.99871433044264,1,83,
14,31.378235650289877,6.401196650419669,American,29.425874613371086,0,24,
99,29.243517935503437,15.063746718268057,Mexican,31.83694133,1,67,
23,29.880477952849958,5.386625966040501,Japanese,47.04820808,0,73,
36,40.61425124264963,10.791124409910102,Italian,44.85260988987414,0,73,
18,14.11925917325262,14.558943534614864,Japanese,41.40334628959028,0,87,
88,23.37451245241929,2.158874292929287,Japanese,20.94793830713484,1,84,
24,13.020134552155568,13.705960322317468,American,46.47274514744367,0,10,
99,40.12984882989804,1.837417754200894,Italian,13.900307698555011,0,90,
51,20.89207418881198,19.302594842539932,Japanese,44.13316866235151,1,15,
86,45.89721639275537,9.767882601298792,Japanese,23.126402894144313,1,89,
60,31.06313866637175,3.0135221541975477,Italian,12.150892466479334,0,60,
72,42.029990859444844,6.847672721,American,36.77427936962993,0,93,
61,49.157257424638445,8.268328985905228,Japanese,19.251197132638218,1,79,
13,43.59155437826282,15.163700221530746,Mexican,19.742845034585276,1,6,
32,44.67975040046094,14.868475721532185,Japanese,22.24188664915086,1,15,
24,26.319379814593788,12.23881010674662,Mexican,12.547390700100669,0,98,
52,32.06890381037359,2.118614251169859,American,17.08508576793016,0,15,
38,20.155542561732172,3.0313874317534717,Japanese,10.205585103422411,0,39,
45,17.844523987738114,1.8751384129111326,Italian,27.81638084423147,1,11,
22,30.220315164241352,11.54345567,Italian,13.370215096718852,0,34,
41,33.80195918801682,17.54276883022808,Japanese,37.30610420176796,1,20,
80,23.57084983584764,8.676010245095435,American,19.424914047665936,0,49,
68,32.777740710540016,3.216963479154924,American,47.742965761407085,1,42,
95,45.49841930054012,11.16084650297934,Italian,44.85006509594611,0,99,
37,32.26886339133465,16.235044337314196,Japanese,21.57763579872833,0,16,
75,38.832523852420266,14.83424123,American,41.32861818626715,1,31,
51,42.212598694316206,17.629015593500426,Italian,42.12979618659225,1,40,
54,49.549151278217714,5.558041944977356,Mexican,49.46252456457642,0,5,
71,34.12789608707918,3.879077345355497,Japanese,33.91359947,1,87,
66,42.27400595850344,17.596329718838774,Mexican,13.278629385746488,1,26,
15,48.505972742194984,13.151206255560462,Mexican,35.87348915705524,0,19,
37,47.776389023090935,6.218578600151083,American,34.99918993504141,1,24,
37,15.643273951108544,14.846961011450183,American,35.53402309681727,0,65,
53,26.25569233094088,16.302367689607358,American,22.28582592416846,0,8,
93,22.959602444271987,12.299564806822648,Japanese,44.387183403213314,1,91,
39,13.477000598013973,13.757682197598303,Mexican,48.37888731821648,1,52,
71,35.329630996438425,7.5051980888533265,Japanese,18.708500519126062,0,60,
84,39.43618452784009,10.773913346860782,American,13.526086325465778,0,37,
98,43.92512381867534,10.483183414523245,Mexican,17.781401326739363,0,2,
71,14.911075586508339,16.96095582261544,Japanese,42.82208557022875,0,83,
10,45.05776303501175,16.79927960564365,Japanese,37.06578539,0,69,
36,35.71702254457013,16.653609386940865,Italian,35.44189369356506,0,96,
71,38.15784540554038,0.22063228524931588,Japanese,26.07172540437698,1,54,
86,46.42496014161216,14.990909689377766,American,33.11311886045743,1,0,
12,34.990450841730045,15.173527802220097,Japanese,22.314965010974696,1,69,
79,23.434634285993404,13.567576457102836,Mexican,29.088003176718452,0,44,
81,43.004293256906394,15.125293157829052,Japanese,41.72252113482624,1,97,
36,24.52236848780362,16.839407429934173,Italian,49.249663898218486,0,46,
18,11.369124432821165,9.406381082035713,Mexican,47.29955694359207,0,78,
71,43.22618026260999,10.041004269768942,Mexican,47.354637713849954,1,25,
46,23.807685795251025,2.4942811382278096,Italian,26.088949393884494,0,13,
60,40.95338092805361,7.707517660947236,American,28.75159522027164,0,53,
53,24.51031578663782,12.867303598235686,Mexican,38.22541585475926,0,70,
33,44.442720798988866,15.60799552294549,American,46.88767712205137,0,45,
88,18.78042100323835,4.3441819538242115,Mexican,15.679770374083386,0,30,
68,48.981890607954796,2.756457983184708,Mexican,22.16967455308783,0,87,
41,41.19035099152123,13.260840090009845,American,15.56987378376438,1,58,
97,14.569517036815874,0.03759767,Mexican,34.48034119837821,0,94,
61,32.63106479866242,3.5674516861465966,American,22.252039875501502,0,28,
71,49.414692489669385,0.5814276068790747,Italian,23.044314100502937,0,95,
67,28.842618107752575,3.3377023570974185,American,12.836638379519169,0,16,
61,17.28428555286333,3.6263855985101046,Italian,23.991842472303677,1,13,
21,29.391134686013846,7.753471895007884,Mexican,44.49986029606342,1,35,
48,30.498306235276864,8.046542493731119,American,19.322912475633398,0,57,
11,39.66747776914662,17.485249412204755,Mexican,37.80749864840263,0,23,
12,37.95383412643618,10.202194249976504,American,35.185133797543706,0,62,
65,26.10200174387922,14.468095312245726,Italian,44.53938433476461,1,90,
90,18.72092429976346,2.082747158405749,Italian,15.29151790604153,1,24,
68,35.80216671077318,4.508775109273877,American,49.10359841380173,1,58,
11,26.868157382131272,14.058868819573537,Italian,33.305145841614625,1,31,
11,15.291048445013216,1.0560792093705618,Mexican,49.818966093872575,0,81,
63,46.02289204945543,9.731953244875061,Mexican,46.46058903463403,1,17,
96,37.648874304386176,11.987379313258677,Japanese,18.86069088452423,1,36,
10,37.32735425781925,12.04291288104962,Italian,12.246480396132524,0,25,
28,42.903355036466955,0.4586562253608406,Mexican,20.225563751814462,0,8,
11,31.186467146203242,6.442160085,American,31.102545959976794,1,98,
62,42.602177136098284,12.72981302098308,Italian,16.86385468,1,63,
53,29.92363014044023,2.979994722984869,Mexican,16.69838978071954,1,71,
99,12.687015996628404,13.908312966561065,Italian,28.503741884206125,1,19,
41,26.209923521107548,14.91850417627349,American,11.330718846774337,0,53,
79,29.898595759195622,19.639383808922904,Mexican,14.87552330129082,0,85,
41,38.808103265291834,4.196839897128188,Japanese,26.634453576317902,1,82,
77,14.263149205146973,16.502613353322303,Japanese,12.525196368318658,1,29,
64,15.60074154641796,10.405931538373082,Italian,25.870202258221173,1,52,
84,20.547352105384658,7.469251922883469,American,28.960250637937804,1,91,
65,20.659935734835287,2.447535146503559,Mexican,28.050664562924577,1,98,
26,39.28738313836249,14.710112129750751,American,44.76699429612349,0,62,
47,20.02922642246391,4.717151982873742,Mexican,31.202498202069297,0,10,
33,35.32392253429791,7.4284400374609145,Italian,28.719218499121734,0,30,
78,29.770954005530857,1.2508445379473687,Mexican,26.42836981566665,1,48,
79,32.931775127176024,16.02733831639038,American,42.70493513217944,1,99,
95,43.524278527131834,15.331770479432867,American,45.80226415999333,0,93,
20,26.175260061960973,14.67231660084625,Italian,44.129698767884705,0,86,
25,40.83645508257082,5.988870209837733,American,36.94186312525564,1,18,
82,26.881442382027494,3.469601485319145,Mexican,15.49446983874697,0,11,
68,24.15485506244998,12.751065289404595,Italian,21.074798779680492,1,14,
79,48.34508709252882,9.923327682,Mexican,11.842522547279097,1,30,
89,17.37483682715853,3.5650493380928316,American,47.23296299960457,0,42,
12,13.613478423104315,13.718225420997275,Italian,36.43194118763641,0,36,
29,40.839437021419144,19.822528636426075,Mexican,39.85451537252966,0,78,
68,12.729988214163663,14.944391754840753,American,22.46286958328916,1,28,
45,43.48315962812117,14.799727733712235,American,43.826140891093694,1,25,
28,27.487735854289742,19.006255058611835,Japanese,20.38413134833914,0,1,
99,46.62054709167656,4.058727351498044,American,10.065750284497987,1,83,
76,38.86131444487623,11.310999298428808,Mexican,25.056598500827757,1,14,
28,34.416186680318305,19.59293430067767,Italian,32.830459238362934,1,3,
29,47.97227188231063,3.305882219403491,Japanese,29.148194318620902,0,85,
80,25.86597492208217,14.00503918889042,American,44.48304570306388,1,49,
61,48.16347746158532,11.71620291943804,American,14.216211438246678,0,37,
42,15.400051096848276,11.72958184377414,American,32.152937625349026,0,22,
49,29.35019767729651,13.953412550401502,Mexican,30.519173992836297,1,58,
48,20.796448895687796,18.592338457513684,Japanese,21.25571928688652,0,89,
91,31.593711156327736,15.65163879702676,Mexican,42.889124503080424,1,74,
10,16.480555115663385,1.122722068,Japanese,40.11394623528825,0,27,
20,43.66118641240173,17.054560397514223,Italian,39.31436749327324,0,65,
66,43.85631397258229,4.510826598514653,Mexican,45.04769913078224,1,7,
98,48.20945250893916,7.538283294727439,Mexican,38.91138402486085,0,28,
59,16.18688563532945,9.234656272247644,Italian,19.273651668589057,0,10,
32,34.93330203619963,9.618120015061393,Japanese,38.222508465987644,0,17,
40,28.969492348014786,8.703607985107135,American,22.308112535593754,1,54,
51,23.77534928176933,18.747065884317287,Italian,19.68698601389882,1,49,
16,24.061606445368753,14.120380153280491,American,12.920143715985093,0,13,
25,26.51174202427009,12.623412919134127,American,39.76114321390707,0,73,
99,38.197021987558124,0.9968405556588311,Italian,38.440038477992445,0,98,
69,33.931442330726185,18.078266605207492,Japanese,19.37997910696375,1,8,
11,28.387260510445245,18.187803840167923,American,39.97516066896624,1,98,
10,13.037336414784884,15.604261268602047,Italian,46.713635323742125,0,10,
57,13.110613763158284,0.14058407627238312,Mexican,14.321158299663171,1,62,
21,10.09357562503113,1.1456050215524671,Mexican,19.305465535470997,1,75,
78,48.707975528283455,4.504474045369795,Mexican,40.01043176349262,1,66,
46,10.210152742335396,2.626988162898134,Italian,20.98026694028313,1,52,
41,14.123749840549795,7.976720594074589,Mexican,34.98655897134867,0,38,
18,22.583862272376436,18.452461161755792,American,13.24656897854858,1,77,
28,42.297210072670445,9.441208683939966,Mexican,28.08809916414155,1,55,
57,48.48395143056471,0.2680525286433122,Mexican,39.563656879718124,0,27,
89,41.60054235167424,5.654913792,American,37.46055772,0,74,
12,37.62240929782563,0.8918981674592308,Mexican,42.602884027032275,1,38,
29,30.852026696542776,0.7257524522700431,American,45.09808506412676,1,24,
33,13.468208474487344,5.514397061911045,Mexican,40.92734005035033,0,20,
63,48.326831720157216,5.512246773578909,American,36.86350971755704,0,9,
42,40.33569655782726,15.74253205203208,Mexican,11.268899672641247,0,42,
33,35.55797541337047,19.496693055622238,American,31.39866693637776,1,14,
84,40.361433821553995,7.424141877799966,Italian,11.50790899659411,1,82,
81,38.96413317092554,8.577737577220772,American,42.322712684640905,0,47,
45,35.489263191579475,16.89578872572043,Mexican,22.828980978398302,1,85,
47,49.22307200719953,5.362780401910268,Mexican,32.497174964716834,0,20,
93,46.13455251,3.127636088068959,Japanese,21.177812292756105,1,59,
98,35.866596764686534,17.06179246807301,American,41.300005775211744,0,95,
34,37.72700845827699,0.9300117288013099,Italian,45.46010107,0,49,
27,12.063832266348399,12.393988803988314,American,25.94569976852256,1,22,
91,36.79669858200157,11.239856949336136,American,44.51689574043956,1,12,
75,11.766617508404007,6.918408950033886,Italian,20.683000298253297,1,68,
63,33.53055027879724,6.303790422,American,31.386436923020952,1,3,
44,49.974139982633396,15.437154523632426,Italian,44.35045719354816,1,91,
89,32.23226325748719,1.7284922152509297,Italian,23.035253704631614,1,77,
70,28.928404723253337,4.735686186227708,American,48.16169060312343,0,71,
50,22.51419426,14.648974636761796,American,14.875180071255345,1,8,
42,14.820903151458577,10.966411674528484,Mexican,10.731002788940248,0,34,
77,39.24094685833126,2.559764170671728,Mexican,46.165414103127624,0,20,
42,17.703961111425215,17.642712285641203,Japanese,12.74594664591489,1,57,
23,14.611280849891376,7.868956931271831,Japanese,49.67556783789967,0,17,
30,26.870506389220502,16.557367506443455,American,48.055874479164245,0,96,
57,41.81367352,15.754260310554173,Italian,15.480836401452827,1,71,
29,39.80258192480882,12.48850892943456,Japanese,31.503385027702635,1,80,
17,12.195304585858997,9.889622626,American,17.396811898685772,1,42,
16,28.205747401446246,19.59101680763514,Japanese,27.126206921204794,0,94,
76,30.89738304284676,2.899301447596341,Italian,12.457005170393307,1,97,
26,35.78186602503288,14.503114551022296,American,18.95698351186358,1,5,
42,36.006694017729124,3.823814029,Italian,24.53091185595598,1,85,
57,24.587889978292235,6.765262106646968,American,27.545900009842192,1,77,
85,32.42708776014056,6.173974867463905,Japanese,49.09985032835573,0,66,
68,29.242475353763457,18.94071975477446,Mexican,42.31462582735925,1,11,
95,45.399934260931246,19.347123555765503,Japanese,39.49639777247785,0,99,
31,31.210605305396008,3.660308884694543,Japanese,31.48165258967897,1,11,
39,27.641286469926463,0.4407032059500837,Mexican,43.599910424173736,0,65,
47,26.17941798727403,14.400160793262263,Mexican,23.572913426228443,0,1,
60,32.89711037733863,8.359798677409687,American,38.355964510932644,0,14,
63,42.15907918,1.7768049017512877,American,49.75135901512688,1,22,
17,31.53605962,13.675082111540851,Italian,22.585156357407953,0,28,
36,36.46620700322166,10.902110565213993,Italian,36.9607014,1,80,
36,39.51423068,19.61033644002212,Japanese,43.77259457,1,95,
30,30.806724395149274,4.548189917227578,Mexican,46.632303334026886,1,6,
39,27.072682266194576,8.079557526530966,Italian,38.71730763760407,1,93,
37,45.06661511449798,10.850916067908457,Japanese,21.344316936685452,1,27,
73,26.700243361115685,15.833999769067033,Mexican,23.05128606275786,0,13,
78,28.477714023023502,10.976773134401174,American,10.830321284958568,1,43,
70,49.613652533671086,12.258003217238985,Japanese,40.435439106860386,0,29,
57,10.009500943035384,4.5229410317988155,American,11.709584242478055,0,80,
28,17.418916383068897,16.938374561771198,Italian,44.586094184109825,0,31,
13,25.35855559678903,8.572610939409515,Italian,14.746424578981552,0,69,
44,47.303596377010116,2.8191925504353854,Mexican,16.87506048543697,0,87,
73,12.801188229898841,13.283758290108347,Japanese,29.061058833289493,0,5,
58,10.379417345139924,4.321809064,American,39.515216606749696,0,26,
26,12.107353439089144,1.9512502047859948,Mexican,15.560088207963108,1,81,
53,13.541736424544727,17.239738168085445,Italian,27.602843002659938,0,87,
39,11.503870928250436,9.203245289768793,Italian,29.31405097640419,1,23,
55,29.19125307426019,14.985674253915528,Japanese,18.491425666743652,0,33,
15,33.23028828909311,5.811751196127101,American,14.622335067225269,0,39,
46,20.867478842760164,15.739402698353327,Japanese,43.456836919425584,0,46,
33,25.931495359025423,2.2387185404306065,American,30.09862599051062,0,78,
55,13.667973404457205,7.119467475897054,American,10.575249439366118,1,74,
62,23.45481855313688,19.56123635947057,Japanese,42.11925205236415,1,85,
69,30.900767665380926,15.879794327360122,Mexican,49.231752216583395,1,23,
72,39.29087228738581,9.945118606293764,Japanese,34.23704781656989,0,64,
94,10.133854481719169,6.795549431237702,Japanese,30.14833548336283,0,17,
41,28.69243066,17.44271400044953,Italian,45.13663452179847,0,43,
96,21.880115058195287,10.896955181690313,Italian,48.10067158738394,1,75,
42,44.11287286767605,15.168500357382221,Japanese,40.181476636098424,0,56,
76,38.62213260936968,15.082153606323281,Japanese,27.818117189371513,1,27,
27,33.56434137883579,0.3589135713698366,Italian,33.68885597325762,1,70,
34,21.090625827870944,2.525075655852269,American,38.03741460071997,0,22,
63,46.41356408230137,13.192587327894845,Japanese,17.770942840072056,0,84,
67,11.804027088812926,3.232396225717429,Mexican,27.888041288657522,1,33,
76,14.378703947164606,5.109866893112094,Mexican,43.19285059,1,10,
55,25.66520562161424,18.932759083992142,Mexican,36.18901393993772,1,85,
33,14.977502291874254,11.203645167498237,Japanese,26.448162688474163,0,34,
41,48.2566279,15.014590139986943,American,36.53450136058726,0,92,
56,41.919572885735334,11.159614775652798,American,14.728896482898396,0,41,
95,20.35930606407255,11.050272295654505,Italian,26.059904422595054,0,27,
32,33.542169158929816,1.883038202513958,Japanese,41.72514151852226,0,81,
75,49.29322060320327,6.8732638521820615,American,18.82035148546592,0,77,
36,45.367959125260114,5.648617973730234,Japanese,17.438460302296708,1,81,
11,34.03193785768792,7.814567312272265,Italian,48.03274639665726,1,91,
99,46.14895868701082,15.966883764486566,Italian,18.39590518344923,1,23,
26,49.567396392534356,7.438653358337297,Italian,20.436743186006723,0,7,
42,39.734112915744966,9.033936384633654,Mexican,48.78463755617352,1,52,
18,12.599456379315761,7.94762781,Japanese,39.38834281060103,0,71,
52,26.063209457019497,1.868159439505912,Italian,37.98386132094113,0,3,
57,43.51302941132982,8.821443165015674,Japanese,44.11705535418325,1,90,
48,19.22276783220076,3.9121854608903006,Mexican,14.632923289471771,0,99,
51,43.22570071002498,3.7344659154608295,Mexican,38.23824946320029,1,4,
35,14.813550481399837,1.880722088685327,Italian,30.147544373129556,1,96,
59,11.877814285912521,7.133419482835295,Italian,43.16602561,0,48,
34,25.363624459649984,15.149637695788346,American,30.32566874660777,1,97,
33,11.469277497064546,5.528833811667921,Japanese,34.80965417075649,1,29,
22,48.29081051933302,6.246982037710271,Italian,29.109685055981437,1,71,
69,43.04822783175864,12.853493153448472,American,29.126356942233762,1,62,
16,42.030787485195006,3.9168162517383776,Japanese,40.71879912247326,0,46,
66,35.191116919846124,17.939158608470688,Italian,35.14265602589133,1,25,
45,18.65296092146214,10.40381046503109,American,35.330528064376416,1,56,
54,30.730414667055687,8.952058806,American,28.01129935326103,1,36,
29,33.89096289721364,11.156403838584028,Japanese,31.24437985,0,97,
74,31.001260034410727,3.320686268323909,American,39.82870664819149,1,6,
17,20.409334718061093,12.269462772783527,Japanese,43.03763676447673,0,39,
25,30.609916972589033,7.262014732680209,Japanese,37.86245608576185,1,91,
23,29.647453634745062,17.94372681929238,Japanese,46.96291955382733,1,38,
85,49.85343103226897,3.3770841335537227,Mexican,42.81296352588804,1,61,
96,45.89744592184815,10.141022077308822,American,32.474551592380735,0,91,
24,28.535229928624798,11.962252587380359,Japanese,36.856242905749475,0,77,
75,34.91749531740474,0.6676720357276245,Italian,47.05233107684784,0,52,
41,39.914864163689145,7.273862495122804,Mexican,34.76672176972234,0,3,
96,11.394606409352996,14.652704694016656,Mexican,42.99227791919323,0,81,
72,45.79685765,16.407550148979468,American,37.552420143599484,0,24,
95,44.40507265671695,6.263239896345647,Japanese,32.077454442418656,1,6,
60,28.29728391094829,15.971865447655025,American,19.673527816614126,0,27,
34,25.64679064321519,19.355117542067777,Mexican,27.039900778737124,1,68,
67,20.91837499,17.137478721501882,Japanese,48.709712993348624,0,66,
72,29.067073133214734,2.352879763186504,Italian,36.31061533,0,94,
71,11.77506654132947,14.794606641710812,Japanese,32.575815213559586,0,19,
31,44.08774133388031,6.3933366488108945,Mexican,47.31826502112909,1,82,
67,11.416894736741803,19.76831978824153,Italian,33.46047124149795,0,10,
67,23.16205461479484,9.707179663197742,Japanese,31.043300736696118,0,66,
95,47.26357953275959,2.4486779671788206,Italian,40.37243420600821,1,86,
58,39.40850618093811,14.503710960547815,Italian,38.50662475946178,1,6,
61,21.25563842310107,6.460223967724277,Mexican,17.72640033633731,1,22,
51,20.105963758435404,19.941563141633235,Italian,28.852330982964848,1,60,
79,10.203285592721038,19.59564915709044,American,28.900617712783408,0,70,
24,37.82857171399001,13.122680360411614,Mexican,25.12898060973379,1,33,
63,11.951343266926923,2.5965289790343515,American,30.691739286090126,0,18,
69,31.304100776030484,13.737219953500581,Italian,26.52429590908577,0,57,
17,48.48487890368199,1.8606097292005441,American,17.973819578847326,1,8,
62,14.378754402178156,0.5872831820478464,Japanese,26.494659490987242,0,47,
69,45.779197238722695,16.459168924429722,Italian,12.891077902927064,1,81,
14,49.65901340580193,4.195058953673627,Japanese,33.03143451097647,0,40,
77,12.460681049569402,7.580542524381948,American,44.14618195764448,1,47,
15,45.31625076549845,19.469147799523462,Japanese,39.011483374182205,1,44,
56,30.643160817744665,6.736810037222066,Italian,24.41576160216445,1,24,
64,46.26054878,5.929795625666305,Japanese,13.482848223092327,1,77,
49,32.852757676782964,18.364159992455505,American,18.085975969010832,1,24,
61,36.484480404262584,2.214968906379162,American,31.81961361979343,1,18,
25,31.75115631989597,15.191648202292637,American,18.282283335321313,0,38,
22,44.57971521229394,19.76131133305548,Italian,31.75892445,0,78,
39,39.356396758148065,18.025920215492977,American,19.263960990555958,0,79,
28,30.850412487216595,13.033358374128518,Italian,43.95695477904291,1,26,
26,44.726432162061876,6.2812159,Japanese,25.890858913618388,0,73,
72,19.81142129021338,5.086439623566335,American,19.822025037779643,1,62,
28,16.29362638810104,16.385102097429222,Japanese,42.49304720988246,0,67,
67,16.416004213202882,17.596438279033904,Mexican,23.71355859221803,0,18,
64,23.360355149809514,10.508698250913858,Japanese,14.459507513551277,1,27,
99,19.54760125,4.886798815729323,Mexican,32.81637965614566,0,84,
99,47.203614020389544,2.258864168223471,Japanese,33.26256817751955,0,77,
71,14.23336375314336,1.7435893566366234,Italian,38.58782700942937,0,32,
32,37.95962952158351,14.381548947077112,Japanese,19.60877732833542,1,9,
18,17.568861591400236,8.402374556954499,Italian,27.75085356,0,82,
21,45.26548531081401,18.107197485557407,Italian,21.294716761706248,1,29,
10,48.45261153,14.793426014535275,American,13.238149444627524,0,21,
67,28.618800350799344,3.825208358291734,Italian,45.06455308063566,0,2,
10,45.162859209125266,12.275548376313981,Mexican,39.15479217953364,0,81,
43,10.20580683018859,8.710109087963186,American,22.058522378352027,0,74,
57,42.7978767,11.54499461537226,American,33.97491971487945,1,47,
98,19.14500646099694,14.761382466770343,Japanese,18.050551525378896,0,1,
10,46.34805237077472,16.123917620075815,Italian,45.60946487183084,1,75,
25,10.044804459204379,16.874746528134487,Italian,14.596253734476413,1,53,
70,32.24726940159028,5.0794974914404944,Mexican,10.153485820312035,0,5,
73,40.26543215139739,0.6223119983471537,Japanese,30.080327909567288,0,39,
72,20.34753322791632,14.785894703295464,Japanese,33.32511293811477,1,92,
78,17.725314583491723,2.126874525115492,American,33.15861281183217,1,93,
31,13.363928978719386,6.298391772259353,American,12.180477097513052,0,1,
76,23.057343060131718,0.076342682,American,22.561752276737298,0,72,
85,32.39377249235318,13.633389648032402,Mexican,29.967957873653273,0,1,
35,14.633754271210307,3.342640229424425,Mexican,18.663167425089636,0,92,
25,25.06781447947195,13.105648193833163,American,44.905035419435855,0,96,
60,10.362896186108998,19.834852343356776,Japanese,13.484371578457361,1,73,
95,42.74717681999367,1.4534174322003257,Mexican,29.495377666881716,0,97,
66,15.137948723727654,1.5415602390292138,Japanese,37.65664230052608,0,54,
38,21.333717930623266,6.807601853333498,Japanese,20.470044005379297,1,71,
87,10.737108749528698,17.327730285026842,Italian,34.969629479900725,0,59,
78,27.289631355700493,4.310597375826637,American,43.17540600569498,0,96,
56,43.604860109648754,7.207556398606951,Italian,17.613479003801903,1,5,
71,25.686048457807864,1.3701081325395914,American,46.688823672994516,0,18,
78,17.179892936953337,15.263105825177787,American,32.142341306494316,1,95,
85,40.14795336202077,8.166126855189022,Japanese,21.969280172042424,0,26,
25,41.55227927482977,15.184974661216856,American,27.234331015290827,0,0,
99,16.95013901230267,18.07215689,Japanese,22.48767535145552,0,32,
99,40.83416434163959,4.655262942025775,Japanese,39.00444639733264,1,39,
57,47.89191553025352,16.147920606799026,American,41.85202653660529,1,31,
94,16.655103477290893,1.1818778015650655,Japanese,43.31749569274644,1,68,
48,40.83937170128542,17.976947763604947,Japanese,49.43072998342964,1,16,
42,38.34288018410518,13.015370951174948,Japanese,41.65137169986734,0,7,
32,28.94295553740354,17.48453448276703,Mexican,34.05536282754254,1,56,
19,12.316818422351933,0.003767991,Japanese,23.568811935671352,1,41,
78,12.987776710314161,3.3816214071198503,Mexican,31.783817948429977,1,97,
43,44.09658637,7.795187748529841,Mexican,11.642726911616217,0,8,
61,49.60593491002588,7.590058067494372,Japanese,39.793003021196526,0,86,
19,37.042090287470174,4.534607658470213,Japanese,27.83822180368407,1,34,
28,27.838332280412857,7.632238797344002,Mexican,10.800929189287505,1,70,
67,35.902945736076305,2.5769742400050966,Mexican,12.500277660416433,0,78,
10,33.77583436914181,8.255222585,Japanese,25.498658552870268,1,52,
78,25.344490416224872,16.047086583185283,Japanese,33.33686076,1,53,
13,12.625045782960518,9.581401262067024,American,28.568157958085067,1,83,
25,42.86051789629764,0.36000177890429974,Mexican,34.768172691686196,1,24,
33,24.873341169548983,8.428880831584948,Mexican,29.21177035165423,0,66,
89,42.75142573428375,0.5435003218168832,American,36.46815381925387,0,61,
11,20.10034998753529,19.324868214135964,Mexican,18.765042586832035,0,54,
41,10.041179193825336,2.5490791884573794,Italian,14.513727487344855,1,45,
93,16.357531331070263,14.153766526612374,Mexican,33.85735819,1,23,
33,28.741576670743374,19.455526457841717,American,29.38758068,0,97,
21,47.77214539831319,16.52078103333144,Italian,11.074706161797412,0,45,
59,14.08774478774876,13.986307502524074,Japanese,25.219275419721434,0,21,
44,44.16839097846264,16.789218190015337,American,14.24502341963982,1,10,
42,31.080963848474482,19.635973865212552,American,31.25427327010781,0,47,
42,43.03683063199586,12.426889945070592,Japanese,25.83110718641723,1,7,
70,21.934977239599704,11.18369613658653,American,34.52607644412072,1,38,
60,43.59788658689887,12.564762209265627,Mexican,42.22408875080953,0,34,
52,40.912911200672184,10.65351774,Japanese,21.98674735365963,0,48,
21,19.202147321257357,12.701782118194377,American,48.48408417,1,45,
76,15.253405056375122,8.996844159451186,Japanese,31.425380023502978,0,37,
74,44.722172901291714,4.368863657666142,Japanese,34.73163195019152,0,7,
42,48.529466137605276,2.4049445302335126,Japanese,37.226894929029484,1,53,
49,11.252092549900649,1.3668187106452079,Italian,36.66926119430359,1,36,
83,39.25080267894742,5.266315675064002,American,30.438829721802485,1,90,
52,46.38098043791273,0.9224712867146767,Italian,27.15057164458734,1,91,
53,44.29440368369995,11.343415598387711,American,12.151278567095115,1,39,
38,48.580818890808345,5.676568940470405,Mexican,10.88343381204719,0,33,
22,40.40376313752389,16.490696161740644,Mexican,24.318447781310585,1,95,
21,27.691950495236412,1.4848174597677288,Mexican,23.346435625347706,1,78,
55,22.478079619805218,4.527029886829719,American,25.50780619356027,1,16,
11,22.829709617525097,14.604922941802919,Japanese,15.53472804,0,32,
44,38.97690690456468,11.976165927669829,Japanese,39.52673082147375,1,46,
96,39.833480481238574,1.2898254249833507,Italian,44.27857659104956,1,51,
90,18.014365741948506,17.54478914324401,Italian,47.54858541,1,79,
99,44.72491253962124,17.54523525652359,Mexican,29.694492140785034,0,92,
17,38.596961608089906,6.6081600775154765,Italian,38.034627965017144,1,8,
35,32.51001145,6.808116866991294,American,44.22204494,1,32,
83,28.86129840410051,19.78056716700348,American,26.731644443739437,1,59,
99,31.729312231598325,12.523523431862763,Italian,22.376511794817773,0,92,
43,16.36982953117058,10.626330411361183,Italian,47.46898223,0,76,
16,18.148049971050966,16.76304367103849,Italian,30.627062043082923,0,20,
77,13.646579616247667,5.705806767146329,Italian,29.890155463635118,0,57,
67,16.146321526444506,8.583651867927138,Mexican,17.13664386253983,1,84,
84,28.147745384211305,5.355533509766683,Mexican,14.32620058293427,1,68,
38,31.214175749130245,15.783216931774628,Italian,43.68427449934047,0,9,
45,10.714475699132775,11.46698691270436,American,34.56532704750072,0,5,
98,41.87191311,13.17650140280141,Mexican,23.032983360777948,1,12,
30,21.766718933739114,5.046144996788131,American,17.669448695610658,1,64,
45,46.473441398396446,4.404506027546303,Japanese,32.219891206785256,0,19,
19,48.70045054455111,9.767492579658775,American,33.35677157044542,0,56,
82,17.418354987066174,14.751314981856536,Italian,18.279744049802325,0,45,
33,28.483891630626424,10.504795150403204,Japanese,44.05622991565896,0,7,
73,10.049273406657036,0.6529135509133721,Mexican,13.370574646234044,1,9,
58,33.933090604897075,17.371030126405774,Mexican,24.24372340665687,0,72,
45,34.29225793050685,1.2937378703026314,Japanese,37.215376550500885,0,66,
91,19.901598224135007,19.116489674415046,American,20.964814552768026,1,10,
33,32.336506903327916,0.5028391655454545,Mexican,43.10700779125087,1,11,
32,19.02160569774942,13.889009122614176,Italian,39.59471306401614,1,9,
71,16.433018763127603,1.6441412742356332,Japanese,41.560913781925365,1,24,
46,36.06077867209059,18.213531588702793,Italian,14.76426143506865,1,48,
21,23.037018558082995,9.288664724510856,Japanese,15.621885119821716,0,48,
64,33.61055756,2.7504754963403077,Mexican,21.458949509783345,0,88,
22,27.329869958866226,6.816313995796932,American,30.723086607902445,0,10,
32,49.37405629611616,3.296493506935241,Japanese,39.920643067976094,1,61,
98,15.98322570670263,3.4116382311418003,Japanese,43.461235630436136,0,35,
39,28.583943865432406,18.962166403428846,Italian,38.17341263828722,1,38,
26,37.218265054373006,8.904922245695763,Mexican,47.14387526122553,0,52,
71,25.821803355198746,15.77604527810719,Italian,39.54974038463721,0,89,
93,48.98799407,12.792111223553636,Mexican,22.25071548018459,1,77,
98,38.87550512,13.528527246767846,Italian,20.603251373542903,1,55,
95,36.27935430257972,2.6338687694407703,Japanese,37.847698012043594,0,0,
22,40.28237070444894,4.683688936309713,Italian,17.71482274758457,0,55,
68,48.10594552154868,15.73500670308874,American,13.708592432410796,0,3,
28,46.31274611938561,19.41532412949566,Mexican,31.288914994247754,0,29,
58,38.97141232505648,5.253512851973035,Mexican,42.865662791158215,0,11,
21,39.96646556405132,5.431375295020797,Japanese,14.055193698794541,1,34,
70,15.836882961405818,9.457942656218098,Mexican,41.67565295182917,1,76,
28,14.111696179706627,19.67680625710876,American,42.46288017406192,1,51,
85,32.83618007376657,5.379178916529421,Italian,29.29096000326174,1,30,
18,10.734705477621599,8.139438192685278,Japanese,12.292412400419472,0,86,
80,29.29425526206366,17.829600312470134,American,16.983594049887458,0,67,
37,18.413983196754742,0.058420652,Mexican,38.29705100647729,1,51,
87,23.840662705793584,0.7953192997713909,Mexican,38.47111779963798,0,79,
61,41.032189431718244,12.081433541424385,American,45.93421100670661,1,6,
92,47.64950016929546,18.14760329425694,Italian,33.307445862183314,0,21,
25,12.89665088585366,4.777133208038553,Italian,14.964294708551096,0,92,
78,31.369688239057805,9.392835494,Japanese,14.856596220198885,0,74,
21,45.30133943,9.009306033156365,Mexican,38.845294294272946,1,55,
34,13.300341377616851,9.459426921910204,American,17.351386604316048,1,96,
61,42.980561875873356,12.450393914594905,Italian,23.135419984664214,1,57,
94,24.312054037130856,9.394875259813675,Japanese,29.488480276876558,1,92,
62,22.883788088773414,8.949362826449157,Mexican,10.990595103046047,0,63,
32,49.09865545259143,9.485768409,Mexican,19.952761080797274,0,11,
25,18.034363594491765,11.81734882542083,Japanese,26.315584340291203,0,6,
66,37.72775763290724,10.740149767027168,Japanese,21.185452739728248,0,54,
48,42.857629120394655,17.082719953010084,Italian,15.454813098702633,1,61,
62,11.647339811170866,0.9899370698733323,American,39.120490311847895,0,89,
51,36.815418334176485,16.66634142946025,Mexican,42.52590621,0,72,
67,48.061998974213076,16.87849225223448,American,20.299159045748993,0,97,
48,14.968798669122375,5.698160430619216,Mexican,40.97677978425213,1,76,
23,45.848852107401534,9.257039100317012,Mexican,25.422142576052554,1,54,
14,33.79106549507745,8.770769771,American,30.26743163416011,1,35,
44,34.66418327449896,4.370196687082606,Japanese,44.240042995726114,0,88,
96,34.51776699462424,7.935936941726329,Italian,39.99814727209632,1,23,
84,21.953435453492553,0.8877554434170887,Mexican,42.20467405264711,0,43,
27,47.40807261197838,5.556441455634689,Japanese,15.473806663454273,0,16,
85,47.89401850524155,16.33364350901436,Mexican,12.788777033349179,0,1,
18,35.01218640855791,5.691246035257951,Italian,45.736189163519484,1,12,
83,41.33690903766458,16.36413337496495,Mexican,25.513370782843772,1,30,
67,34.49031943524632,10.631989292088617,Italian,21.515187122787232,0,92,
26,29.375937902961624,17.59725355,Italian,38.98785017047298,0,27,
16,36.43280473197002,11.495591085288304,Mexican,43.45662386319427,1,59,
55,32.12005810367834,0.5933644612947964,Mexican,44.49958487593204,1,26,
22,33.89903451,13.508404150941784,Italian,22.639885645009095,1,14,
49,41.35330213675448,0.8970713604713731,Japanese,44.08849564806696,0,94,
51,29.236153257959394,9.01194038,American,11.637357774973815,0,78,
18,11.63016424369891,18.58853388946228,Italian,11.986459658388755,0,32,
59,16.55997923957989,3.304078786757003,Mexican,34.94076780696618,1,19,
36,27.544288659581536,7.7974470588308815,Mexican,12.52425476462185,1,41,
75,38.99306239496234,14.597206176969568,Japanese,22.98436674040646,1,11,
14,33.731145932407145,17.64517112189695,American,36.91023944987696,0,72,
38,36.01176743493816,13.418860094850158,Italian,23.490675842169054,0,22,
46,29.17115714305149,5.163465083823384,Italian,17.183991257603836,1,71,
47,34.62968087768971,13.492157058324324,American,21.254024874153664,0,95,
92,23.160697512586488,5.934552822,Italian,28.303013290017272,1,13,
17,28.807303707866602,14.368584596374705,American,29.015434214219297,0,90,
74,39.771162623798226,19.08066255170081,Mexican,41.32000925388808,1,24,
95,44.87331115892485,14.427869022125765,American,40.006129177260505,0,76,
26,27.346213358255554,17.257610058248247,Italian,28.272712182245407,0,84,
80,11.746466308294448,0.042076864,American,43.82669396395086,1,30,
98,16.466901765872105,14.351442494631888,Japanese,14.569485543655833,1,53,
54,10.834445571661524,16.591751137305007,Mexican,20.21413400915606,1,4,
13,36.13052077,0.8111747508936284,Mexican,43.11905854009006,1,12,
45,23.292585014204356,17.43195454576461,American,25.119761545046124,1,27,
79,31.69914543,5.133884566200917,Italian,49.24726235175369,0,42,
40,29.73107387135198,13.305842039561105,Japanese,28.650131261113415,1,88,
28,13.261059582097069,16.007097580468134,Mexican,41.677424918550564,1,98,
70,26.130454444953273,13.253290261187109,Mexican,26.092281655294876,1,46,
63,18.82244499689293,1.8456958414651448,Italian,26.998140762497215,0,70,
48,26.73599154670611,11.926430377207367,Italian,25.31532589136734,1,37,
83,18.143131213689706,10.991673134442872,Japanese,38.76302482043247,1,95,
99,43.61809625107734,18.00642536148543,American,31.90071536239978,1,66,
28,16.967733463130145,8.084794592884183,Italian,47.751124454734764,0,61,
48,48.431222059479076,6.4216219417410025,American,20.03561266136419,0,38,
76,26.636294645877634,14.997015288729326,Japanese,14.022509283337774,1,36,
54,43.849811680761974,8.253506521667934,American,25.73045940396861,0,85,
22,35.150592728237804,12.92192350010126,Mexican,34.66850830587104,1,7,
67,39.414011946630104,12.92900180249214,American,44.43195748,0,80,
29,40.70895552267121,17.760781287202356,Japanese,23.847875467213107,1,51,
81,30.19379527572071,11.973848046381947,Japanese,36.15147004497847,0,90,
70,31.732020934531533,10.043072199239738,Japanese,24.00794724092876,1,32,
48,30.559834712348998,2.777426528,American,34.688783319778324,1,80,
10,33.52233512360317,2.3147521335741073,Mexican,45.392317881226035,0,41,
12,11.17577783026029,3.0864313056615877,Italian,19.254305690376363,1,75,
86,25.82060679396061,3.4369696265418903,Mexican,26.16966568428157,1,26,
71,34.247548542446864,12.757541853272677,American,49.73060785718986,1,7,
72,33.908942610234575,14.81962500549157,American,44.74228112997843,1,22,
34,41.718243784225265,10.599830458528373,Italian,32.58559431584808,0,63,
65,36.200373553284344,16.580354650909822,American,30.665103674171014,1,92,
42,49.685332653626894,19.825264534672662,Japanese,21.38401529218724,0,19,
47,21.35418114,16.40025258238712,Japanese,30.688377107741175,0,15,
15,24.36604118664926,13.897647473519184,Japanese,43.92725993119789,0,16,
67,25.353886074711852,10.649853988742933,Japanese,37.40698053111122,0,79,
53,28.63251228080994,8.977061433494164,Japanese,21.601761127119463,1,18,
54,43.43992255124838,1.687847610890847,American,18.058556842141318,1,7,
41,19.431683758368393,7.987374967893819,Italian,20.608341479873165,0,37,
54,41.04000828141718,18.202692735642685,Italian,16.79036805571306,1,37,
70,26.212407323429737,16.16045259813106,Japanese,13.825627840948638,0,52,
56,34.074215346480344,4.3210273002337445,American,26.76544698,1,92,
30,35.301621329052246,9.332155693944317,Mexican,14.531984175930708,1,99,
89,24.913945487557378,16.33446405117089,Mexican,16.876502309084174,1,89,
94,30.504608208232206,1.3476910957104504,American,31.892987373579444,0,30,
84,26.52124698590788,7.747851713373186,Japanese,16.58397094798299,0,43,
45,12.765311447464779,17.036824737478952,Italian,12.555190697236114,1,59,
28,27.48661555267306,8.077957283402474,American,22.695554001115408,0,75,
29,13.895735702142087,1.5522928946288173,Mexican,18.81276394,0,16,
66,26.20083196321286,10.85068737064503,Mexican,30.61220751977507,1,78,
27,33.71673599327127,17.23484989836591,Mexican,14.094683383328373,0,72,
56,33.176595973740035,11.805710859063193,Japanese,40.07083150731913,1,38,
58,36.50485116033281,4.525582164284636,Mexican,46.24934077740554,1,41,
23,13.81046031818505,7.684792402747627,American,39.737406958247774,1,47,
24,36.084929821217514,9.002467223638643,American,31.31308149605577,0,11,
40,22.485922267857884,11.585327076410536,Mexican,44.42671287,1,95,
10,25.961837845484443,15.18702051505226,American,37.79673519,1,88,
63,44.31945015690823,1.977472352812708,Mexican,10.422044898007595,0,17,
12,10.361216165182011,17.793040660351327,Mexican,25.763606110980124,0,78,
25,33.53650533362422,0.2461940603215118,Italian,44.038075976272005,0,95,
96,33.948559204004304,7.401046693485105,Japanese,23.83435431901077,0,5,
66,25.86639105374248,0.548406199,Japanese,11.40860694102094,1,42,
84,19.481114284333447,7.859484506905825,Italian,39.84718554209089,0,34,
21,19.386961530462045,10.516251977466474,Italian,42.08153081131474,0,97,
83,45.348386786430105,10.233627731630236,Japanese,16.423747801732343,0,53,
25,27.68097495,3.312566940565307,Mexican,31.493619873727248,0,61,
81,23.235574519566878,12.914810201912246,Mexican,17.67821755982903,1,68,
85,27.95110295325612,0.8955690100933644,Japanese,38.76937676176587,0,81,
33,36.77561605837445,15.238136402648308,Mexican,20.862018207099425,1,15,
37,15.830262729790068,18.932888679870924,Italian,22.6486049,0,7,
17,27.977353408549508,6.795376543022358,Mexican,43.798834145604054,1,88,
45,33.515374844415476,10.34478763428664,Mexican,29.052894088276172,1,95,
99,47.94333419405735,7.578205561176288,American,36.79017804872991,0,89,
17,20.10111128301677,0.1342078060811991,American,26.094922028898708,1,85,
67,24.370029916649823,7.717490057902319,American,21.920274287750217,0,30,
69,25.17434359689695,15.83440518522693,Mexican,35.019122416986455,1,9,
59,34.221526305795315,11.919776843669636,Japanese,16.19430296315285,1,55,
37,24.269282121600067,2.0251982923031786,Italian,24.91999342267452,1,75,
50,31.340477011987822,16.94278979,Mexican,18.36148149543689,0,91,
73,41.27161319380117,10.621706897704858,Japanese,37.83179867762982,1,69,
36,38.21542376448814,16.834467234893523,Mexican,47.768353533844305,0,19,
72,27.85474586050342,11.604430375700588,Italian,49.820438720634655,1,4,
26,44.56864710696676,11.193768896758797,Mexican,28.01107241766363,1,22,
82,32.32560998375452,2.1051837039402477,Italian,20.10121558545778,1,8,
42,31.59623358,3.347194662772559,Mexican,27.713174815372966,1,57,
93,11.367510637566326,19.44050512993182,Italian,43.890776398508955,1,58,
86,49.46771921428646,4.569734935095415,Mexican,18.240227142081594,1,92,
38,14.91883234118507,19.54904235980736,Italian,48.08382606611695,0,79,
22,19.245236497105864,10.638254130485267,American,23.67463075192604,0,53,
55,12.067873489661078,2.7157809412787426,Mexican,49.43214638,0,45,
44,35.600118673476544,1.986044055073859,Mexican,43.54435550135849,1,21,
15,18.98804708,4.177281414,Japanese,42.34282136589562,0,63,
91,17.20041749890894,18.512746600506716,Japanese,22.716186950931345,1,7,
78,13.542223368929655,8.283004486564536,Italian,10.351088477917179,0,19,
56,14.132358284960628,7.908685359858287,Mexican,25.285316353039512,0,50,
34,33.38682801770355,6.264125221,Italian,22.072374786507748,1,77,
75,37.528314634663815,2.9412370113317676,American,11.495879616351893,1,38,
19,25.89515953857604,9.757023943848129,Japanese,30.214610260237187,0,36,
65,29.19588326368293,2.6009556502227738,Italian,26.121252451309466,0,49,
39,37.43870943931937,16.709604727646553,Italian,35.38225870966099,0,33,
14,10.695191607419186,7.407939726,Japanese,34.847452887763325,0,74,
42,22.925226282811142,7.496071355635927,Mexican,14.829865435867205,1,32,
74,48.923909922813856,9.480128569663117,Italian,49.07862185,0,30,
27,33.20448918781872,8.882554263315033,Japanese,17.477257177657876,1,53,
58,20.16898319589973,19.89715946118643,Mexican,27.810960990588182,1,43,
20,30.869201865448524,10.90762242436605,American,29.524701737349396,0,33,
94,23.706139524836615,1.7640340757974138,Japanese,42.52251188856481,1,70,
35,31.289799553051964,12.13754683,Italian,13.96918384378587,0,61,
72,15.029660472265952,3.031685857397599,American,27.14577116834127,1,22,
98,15.308586152771095,0.6187528946268395,Mexican,35.14008680944816,1,45,
95,15.741694481575713,19.41484307354496,Mexican,18.606224864962222,0,55,
68,47.59279167707367,15.470777830691278,Japanese,35.09871595064291,1,6,
36,39.31595673365367,19.602179848275338,Japanese,46.94659350198611,1,88,
58,16.495275786492837,9.557568960444849,Japanese,49.90072525,0,60,
86,17.533963350624056,10.645150622979521,Mexican,11.298043071627028,1,2,
42,39.23317899483506,3.3667391183826045,American,19.42352913,1,37,
10,16.246553791686956,4.938148533351711,Mexican,22.412284631667898,0,83,
30,19.382451733393147,16.770984298056565,Italian,25.965044017798643,0,33,
64,48.53387331281596,7.123712942351883,Mexican,19.690286303390696,1,43,
15,20.212260989137274,16.53629947592838,Italian,18.139519782212503,1,29,
90,36.46529401484587,14.180274485740636,American,48.1821537,1,16,
78,49.14525149602122,3.543418505,Japanese,46.740864110820716,0,58,
14,24.971870685591707,10.148927322394844,Japanese,11.87970004,1,9,
12,10.700639634482489,13.547746430374337,Mexican,23.552520864193927,1,98,
62,19.76589161689497,4.700744296076502,Japanese,26.205942147136266,1,83,
32,43.23508765366822,16.613770210401537,American,19.560581386637736,1,17,
62,44.58435343820147,10.896553150903737,Japanese,35.154915879527024,1,44,
46,40.74077458095165,3.304841008852064,Mexican,35.61522986576964,1,90,
83,14.52439276306292,11.659688523292049,American,44.02016913314388,0,58,
83,41.82041486785613,19.99427608311828,Italian,39.634770735408715,0,61,
92,46.747111879740174,3.010429833268271,Mexican,31.702933078638225,1,58,
26,34.02438170184944,16.33513860239056,Italian,36.1434708,1,48,
94,47.63501425352259,4.146180063751159,American,20.959551261720723,0,99,
87,43.07355535,15.647766589201746,Mexican,33.72224759869431,0,62,
82,36.67886067963629,14.691558462428265,Mexican,29.56909018999677,0,86,
10,33.08740946846993,6.009787712008647,American,15.333778692654816,1,31,
60,23.94294668967882,6.516462351288997,Japanese,19.70177106331883,1,9,
54,16.371497809712206,15.850427839258384,Mexican,21.66773802886344,1,10,
86,34.19815690762164,9.228910237746252,Mexican,46.97238268210232,1,69,
13,22.72446214472478,14.616360574236175,Italian,19.215465575435577,0,61,
71,44.657546701105815,2.9596829473166952,Japanese,21.569756112786727,0,46,
74,49.73347749434514,17.05115563803107,Italian,24.77416520357729,0,33,
41,40.097110504622904,14.217694333646381,Italian,36.54970954501548,0,99,
43,13.619267811482029,18.138856176696677,Japanese,14.72953569888562,1,16,
81,21.547423821225525,2.647447580699449,Japanese,48.15780849975104,1,53,
48,14.364385270629988,11.860290007211953,American,44.62284880379058,0,75,
35,36.02046591166863,11.982411700806503,Japanese,33.088642920358005,0,84,
43,40.607634582231384,7.069214810935649,Mexican,36.96151469699827,0,39,
63,47.026993235228474,9.169328491385155,Japanese,10.66641884976864,0,18,
12,27.526893856479507,0.7596312657970694,American,23.557791013937948,0,66,
59,46.055025983537774,14.917200772540241,American,41.82640922645768,1,81,
21,45.11564636,10.986449588063481,American,13.099318951695436,1,52,
74,22.687828670615943,1.1548210373834755,Japanese,21.29255336842881,0,63,
63,44.75602502162284,13.615117859209711,Japanese,33.41187313337245,0,82,
14,25.02689007526906,9.335641544623758,Italian,20.256521107957674,0,46,
66,21.87477098241123,0.689225189,Italian,47.359118965780766,1,5,
26,35.962986351775726,19.392154536961907,Mexican,15.242345232171616,1,15,
56,23.13524911540324,18.98224286178881,Italian,41.89577431631115,1,71,
32,35.20834993316576,10.258048322943951,Mexican,30.31794767625633,0,17,
88,34.39327221994778,1.873448414118204,American,40.01323103279824,1,51,
94,32.537557093938354,15.092424431971835,Italian,22.428613132457897,0,47,
23,25.216788169311908,9.838622002114581,Japanese,30.57958409248155,1,42,
75,31.93998886605907,6.0489495657875985,Italian,44.273413988927054,1,38,
84,33.85941899941686,9.828363550571135,Mexican,28.675123964924175,1,48,
60,31.827475539818938,10.44888290810929,Italian,24.388794476410784,0,11,
47,27.776778110048063,11.254233980446784,American,31.44621545010944,0,9,
73,10.586682281850553,8.824474273106532,Japanese,38.69451012145468,1,70,
47,33.48246830804604,12.115106062781134,Mexican,27.74253381994011,0,54,
59,16.737775405708785,18.374694212127547,Japanese,47.55507900569092,0,0,
91,35.70303875788758,7.2453617419718235,Japanese,21.797832961693683,0,48,
39,40.37377311691464,14.514329264398981,Mexican,29.01854424676482,0,35,
88,30.01781236522966,17.889051136484643,Japanese,40.27710637365766,0,20,
60,31.694546599189533,9.119585515198738,Japanese,37.56484361983033,0,36,
72,48.05914238663965,8.869116727638083,Italian,44.545642096686244,0,23,
61,43.886694454902965,12.042339707095591,Japanese,49.872367227244354,1,54,
47,46.56946064,11.828135188449762,Japanese,27.074333151803582,0,24,
97,42.550651532783455,16.13178684652554,Japanese,14.446035191332474,0,6,
88,14.356733673869257,9.529667675565854,Japanese,11.216635232318719,1,80,
39,15.95967423880779,19.922458992788822,Mexican,39.075076245590864,1,92,
60,31.064951890758383,1.1894313773456155,American,44.96054685234863,1,93,
90,19.84278635191993,0.063356972,Italian,18.828503437776746,1,70,
14,29.067819001646367,12.803966231192476,Japanese,16.33792148759624,0,96,
38,25.77461295273401,5.968698247237533,Japanese,12.48820366102764,1,70,
13,31.976569537218133,4.807647773989676,Mexican,42.90811686868825,1,23,
19,39.875028645432906,6.237981600085609,American,22.45527759570337,0,10,
65,38.619636283970976,5.120951302099086,Japanese,26.06787571039106,0,72,
26,30.849365299413375,0.615800993,Mexican,30.110007664384494,0,11,
83,42.895736752682325,19.430660847811772,Italian,43.57812936838203,1,34,
26,27.234483661521335,4.414909769055635,Italian,36.03332886,0,62,
93,45.86857159,14.680595251786126,Japanese,34.602585194312454,1,67,
97,12.851210802206555,15.251927893883506,Japanese,17.02688399823643,0,99,
78,48.1864012,18.585147960144585,American,30.52759566839319,0,91,
43,36.18772325725393,0.6109891418675995,American,38.61524068714621,1,56,
15,25.20298035748821,17.440966768940154,Japanese,48.93043532121967,0,12,
62,17.886165062915094,10.544523616796004,Mexican,18.05625236853409,0,22,
75,29.167329177743998,12.650882199316557,American,10.381734122689066,0,82,
86,17.78233292741204,12.889405542420674,Japanese,13.012057343938789,0,38,
52,16.653264309725685,16.39595609969455,American,25.03409860727917,0,87,
84,34.69407029651897,6.668146443,Japanese,42.821785909839484,1,79,
32,30.923388983271387,14.661023797199867,Italian,10.285683270729802,1,96,
64,36.80384138443767,10.571562194443942,Japanese,28.26922371543361,0,11,
89,47.18423509687957,15.867880286106955,Italian,23.169224613655782,1,33,
84,31.290408533561607,19.81092065540267,American,12.099268403989104,1,70,
25,33.23728213051191,4.013020348075225,Japanese,28.009451466904693,1,74,
17,13.585053566197685,19.89297283119996,American,20.189948293468753,0,30,
13,38.70543143634518,1.796243086,Italian,24.07539337388026,0,92,
13,25.99620827216625,0.046350958,Japanese,38.22461219137172,0,61,
65,49.06900954650315,0.8832387235566252,American,30.862039356438686,1,12,
34,42.92696062382641,6.835648094735234,Italian,14.985897159712533,1,30,
76,30.899241620644734,12.658126613568683,American,48.45658161694556,0,1,
76,14.928906166886641,1.3805908177569925,Mexican,35.43643062838953,0,14,
36,44.37663173122357,0.1133162905913454,Italian,40.63473702650126,1,56,
41,41.99124381696087,18.741820569175896,Italian,13.168526000334833,1,74,
59,17.38340518148132,16.438532718798594,Italian,11.882335178400755,0,33,
70,21.811131568812403,16.183663422780622,Japanese,10.777922014723247,1,67,
60,41.736290325913494,17.68848551003954,Japanese,17.55176111093778,1,74,
28,17.409137861896387,14.000685455442088,Japanese,26.576335908739807,1,28,
30,46.71009956685509,2.088082594961629,Mexican,47.43304533611291,1,65,
14,26.981097007854476,7.982003761474461,Mexican,28.282386370631052,1,15,
91,13.481558503506346,14.462989729292591,Italian,21.610204214901177,1,38,
51,42.62994574017124,5.606689215830418,Mexican,32.47741014078653,1,76,
70,24.940387321535503,13.748127282724752,American,14.477383125391569,0,36,
31,31.05996776615124,0.489968965,Italian,34.38023564019933,0,80,
30,14.492173776448766,6.122746817591864,Italian,32.73727817322013,1,20,
79,10.103360593799295,10.982606725543453,American,41.67972133622839,1,43,
10,35.51940823,12.641796590124844,Italian,49.467504464680964,1,18,
14,30.607006813349265,11.540813289238216,Mexican,20.03493886864442,0,70,
21,33.74154276492589,13.95512552146859,Japanese,30.386258032150426,0,7,
99,41.74975401522065,0.1217749647967814,American,46.354616252760145,1,76,
55,35.864236536914404,2.018824,Mexican,41.407595376913655,0,65,
43,16.990937713095086,17.37888505,American,29.496252124032303,1,40,
58,24.430900764423992,13.634972881803225,American,47.814865984591115,1,74,
87,46.23564419151042,2.258632853720226,Italian,12.289467740672375,1,87,
99,40.79778801006716,16.841488747971585,Italian,47.23994478850336,1,69,
54,32.26548231746869,4.844624356491338,Mexican,12.020295695312262,1,60,
36,20.225799912370892,9.565197683904469,American,31.89218976458737,1,25,
82,22.082420073391802,2.903930257693206,Italian,45.61763792004343,1,70,
35,39.27832270342538,14.202201128434133,Italian,20.508837742452112,0,82,
56,44.04697043411083,13.337088420285356,American,28.88993995780634,1,69,
95,36.85698678122458,4.222249423322724,Mexican,22.973155165478666,0,28,
65,42.38119903073767,17.268015337140035,Mexican,48.08575668305406,1,65,
72,40.66624540801624,8.026120484394244,American,42.94582379012363,1,18,
57,15.98815871827831,5.850301821414837,Mexican,38.36006045305518,0,67,
70,26.95779251653208,3.046591789290709,Italian,33.50507946460435,0,57,
90,16.119352033142505,5.323360250310749,American,42.82367157296592,1,69,
35,19.409423392079393,0.44053842447633995,Italian,25.690681660941884,0,56,
45,44.77038499,11.665149849122312,Japanese,27.902074204242474,1,36,
10,28.915678625327285,16.844614926878958,Japanese,39.20006884323446,1,60,
17,31.414324073706435,10.979608988832837,Mexican,24.31019053174857,0,91,
61,17.137838609110887,4.385479238477514,Japanese,12.556037681934953,0,29,
88,22.49087144195184,0.6733835642774544,Italian,12.973384355442859,0,70,
56,19.20984674,4.292561465176057,Japanese,14.614512052228154,0,72,
65,18.247446580737055,8.322428561421846,Italian,44.78725293374651,1,24,
95,35.51843173,15.19222857399593,Mexican,28.889057030248175,0,96,
23,20.27535390582859,3.756857050755482,Mexican,38.51529477378946,0,64,
99,35.280619440816736,14.395829067093722,Italian,25.71637342419573,0,5,
37,12.338184564342157,17.338669367037674,Japanese,20.34843789662538,0,17,
96,15.670975741084074,9.078936962167141,Mexican,23.887686702488477,0,9,
87,20.981610160005015,16.428639832851864,American,41.76729381268734,1,91,
97,33.88187667582767,11.093146960701912,Mexican,35.00864500125753,1,10,
11,37.03364980349504,12.741816741618099,Japanese,47.50559119831608,0,96,
35,27.708678671181083,10.525569206764054,American,37.18819114307336,0,64,
23,27.831636583089157,9.263454335026836,Japanese,32.807265270187756,1,76,
68,38.980674055944725,4.693068835516987,Italian,34.40784035943338,0,83,
65,10.632843670623298,6.063881189220921,American,47.69485757873659,1,64,
16,23.64360097896882,5.7994023788721805,Japanese,41.528037194668244,1,51,
12,42.74828228476931,11.265778619076293,American,10.961649494657513,0,66,
32,34.12877640853489,2.3990738604777984,Japanese,31.36558784542789,1,81,
27,23.489085310216815,18.33583381,American,37.533536461862596,0,77,
47,46.22099169318695,14.413102905662265,Japanese,39.94793914,0,30,
24,40.904909097975306,8.028912618263872,Italian,18.52568477255747,1,90,
73,20.595817889469338,3.1724828905275593,American,44.68709417805409,1,16,
98,35.811593501028675,17.639843394432717,American,48.23372588700655,0,54,
37,33.83002912755827,16.475561802023304,American,19.46861223379479,1,92,
83,26.047516561559306,14.434431054343586,American,45.30461830068983,0,35,
48,24.678243168192026,5.430940948224848,Italian,13.879150500643815,1,25,
66,23.74241899102816,8.048932748673378,American,12.228273444609808,1,52,
26,34.68623133582587,2.054965049048467,Mexican,15.168952004109975,0,16,
95,27.69639745922678,3.7807904945506343,Italian,12.30964317868144,0,85,
99,43.27452453005688,15.660332746334657,Mexican,43.80048948623104,0,24,
53,36.784104645358475,14.300774377013676,American,12.362005778330879,1,1,
34,12.797264228377365,11.869715259518694,Japanese,20.86656765454622,0,85,
26,35.60672895312664,17.914534518523457,Mexican,14.150253741434256,0,4,
22,20.845897460007393,11.665330356260908,American,21.816881452550597,1,3,
93,33.71247966613691,9.339359999272215,Mexican,13.62237870403682,1,35,
34,37.20527724413806,6.8074149261152535,American,36.720130029720565,0,5,
77,19.233167566160482,18.80897011472345,American,15.333072653703006,0,20,
19,28.274345795214746,1.65430923,American,44.07383703355551,0,76,
76,17.61299451276271,18.617747441216167,Japanese,42.68764202906564,0,88,
27,12.093555031460333,16.534293198620368,Mexican,10.546467418824378,1,25,
95,25.139056939434763,2.598598490714026,Italian,45.82905422060458,1,54,
43,24.51777087383968,11.299687153505072,Italian,11.157772669734683,0,38,
17,49.81921962817028,17.33095963498174,Italian,19.585831398302265,0,83,
49,27.854094047905686,11.436183272143074,Italian,11.295565511039802,0,32,
92,23.342781978888016,18.143996431212447,American,23.43373948157264,1,13,
51,33.21900026866699,18.85967633632085,Mexican,30.554661028530866,0,55,
50,13.550695764310738,8.447690443686117,Mexican,41.865794760605525,0,99,
15,48.46662943819253,7.546273228126472,Japanese,23.519262018793444,1,80,
61,35.39840182364132,18.726423079383135,Mexican,38.21960098692467,1,20,
35,40.193512797633915,13.502801222993362,Mexican,17.500178284759215,0,45,
73,16.819117526956703,2.3204536269633858,Mexican,40.023938269765054,0,15,
68,26.379114120208158,0.8458349844536239,Japanese,19.439864236369502,1,15,
65,26.90756453584758,11.292581019945263,Italian,15.741790237750717,0,83,
68,42.872257756043474,18.60341930876849,Mexican,17.416354014962174,0,28,
79,10.049467190376378,16.88497404811637,Japanese,17.282525155274215,1,91,
42,22.034124334130205,13.51695492928673,Japanese,30.514515175079644,1,7,
62,49.24945497377215,2.7823169778217505,American,43.791903247525845,1,87,
31,28.995461740248743,5.084627674973912,Japanese,13.184203079700225,0,2,
30,25.30105120976033,17.510224531052323,Italian,38.27825273973691,1,88,
79,14.793160080705853,3.6561447331380093,Mexican,36.173858386114304,1,18,
79,48.966585145120625,5.568788165008691,Japanese,44.90079807317449,0,96,
13,10.801054237032979,2.592013023908839,Italian,19.76590242027629,0,65,
84,39.487209000289724,13.522164628288223,Japanese,28.004394347401185,1,78,
71,40.743992191540336,18.879646107264193,Japanese,47.033094977740696,1,85,
71,19.746268642554664,5.379360631907719,Japanese,36.39973800541269,0,73,
33,36.86233774452149,9.508132157001475,Japanese,25.55073651446388,0,81,
64,13.717165775175598,12.686794794224085,Japanese,15.256495314210738,1,21,
18,20.281890657283196,19.989324964312615,Italian,20.499400316023642,1,45,
12,41.51607953,2.0961612999514423,Mexican,33.248619099575336,0,90,
40,44.58744768134161,9.971415990114183,Mexican,38.726717902420546,1,12,
49,34.339456506391656,7.702402398050001,Mexican,14.97687547407574,0,32,
45,30.273537272819304,17.316403304447103,Mexican,33.98389040176216,1,4,
33,16.372160824759213,9.519354620233118,Italian,32.01405115355004,0,89,
15,12.524361323166007,2.219550491702962,American,30.558217867628322,0,76,
75,14.705961138942346,12.688482905731673,American,37.60492470728032,1,26,
93,19.09429200384395,15.415612365277596,Italian,43.49798380333847,1,77,
84,23.666980075876833,0.057625033,Italian,22.919587327074737,0,23,
13,25.236381020439488,17.17913370841259,Japanese,45.56048760443838,1,66,
88,23.852870743560143,3.7204600001133126,Japanese,16.42534450474203,1,62,
15,19.562213287890625,11.041387293067558,Japanese,16.920954790046572,1,93,
60,30.388969870067925,8.315950013749003,Mexican,20.670882544956957,0,98,
71,43.01144432931587,14.393076332210608,Japanese,14.781234781883112,1,47,
66,21.18814153885917,7.423232295714836,American,19.21276899,1,62,
75,47.695480764089325,17.395263533634214,Mexican,14.256470516113783,0,77,
88,44.93346646895391,14.609927219175805,Japanese,42.87009667941562,1,11,
84,16.470568454084386,12.95426342125843,Mexican,15.558759675464984,1,27,
17,41.45103827028378,15.924811911257086,American,39.89190230239427,0,43,
35,32.983495292710664,15.080460698567645,Japanese,11.91655471653335,0,92,
60,32.66301448685674,0.7187734984310667,American,47.9408131,1,42,
54,25.641710522326978,7.894687076896563,American,38.446403501110645,1,16,
53,30.04611996728039,18.616145946329794,American,10.27186194344447,0,39,
14,25.88715109716844,2.5144853798445244,Japanese,40.55426000800856,0,48,
79,31.589304750397712,14.741931008641025,Italian,30.56327683064741,1,84,
35,35.11800211090544,19.491836226706592,Japanese,41.17460681340479,1,56,
77,36.97215225636194,1.0439725808994327,American,30.89987235562354,1,86,
28,31.299247702377045,13.64387761253221,Japanese,35.64099430541418,0,83,
93,38.85688269314927,9.363082826020609,American,41.45326621580162,1,63,
29,15.651121971020231,11.583505107494442,Italian,26.204322183514268,0,74,
21,18.479299636089543,1.706826729686497,Mexican,10.108325992818084,0,56,
56,42.74940016297081,0.8601390373387896,Italian,43.99785983780754,0,97,
10,22.90111911385661,13.337333211018434,Italian,25.235614504986504,1,73,
99,10.915752999044809,16.46618859641436,Mexican,29.84170904066332,1,73,
23,16.151645986721242,15.640306698659344,Japanese,10.31066568615875,1,69,
73,18.94457737985245,10.876114557324748,Mexican,29.68368041400392,0,99,
47,48.29291551578349,1.9973364227235635,Japanese,49.45949606286918,1,87,
46,32.92165715723397,13.760888876720276,Japanese,21.130706432750785,0,75,
20,47.30922961905019,4.837777671082919,American,25.816730809695123,0,42,
86,33.00653402,18.221374055347674,American,37.48759985874706,0,22,
12,29.17417760551407,16.765307190914097,Mexican,42.591746700946345,0,26,
42,22.54910764776384,14.187659341747818,Italian,26.695664960244013,0,57,
15,34.25483777733503,18.976919116622607,Mexican,22.386754816051702,0,36,
59,15.567920984701193,0.6284364302254586,Japanese,47.513031999402685,1,5,
19,45.93046509170824,14.72400850121524,American,37.085798666866765,0,64,
14,43.17329620565135,6.604855586728107,Mexican,14.760852179725642,1,5,
32,22.701257915069483,18.121317713727304,Mexican,12.757115125385944,0,49,
19,48.111901104051775,5.333503933239552,American,29.34199403161476,1,21,
53,43.008030696622725,14.49712998630034,American,18.803602641890897,1,87,
11,36.652275433401584,17.55294039301563,American,20.15939013505014,1,24,
22,14.870476445010992,0.8331363676536485,Japanese,45.10768715311393,1,78,
49,29.129360921922892,7.952951591840723,American,13.582640972652428,0,89,
11,30.244302193870034,15.246180640438773,Italian,38.614564609155586,0,71,
93,19.302054334615203,9.09837779,Mexican,20.84569013522352,0,50,
74,13.198615774372078,5.345052595871906,American,40.41312885616551,0,87,
72,41.06894521886771,4.396106976,American,38.89645537854179,1,47,
82,14.88140208,2.6303653383275583,Japanese,10.295676057771722,1,69,
26,33.77163002247099,17.142591197125647,Japanese,30.365416516863966,1,98,
18,47.45796695534642,11.507108065031119,Mexican,15.572779295121855,0,64,
84,45.0442077,1.5276988998291197,Italian,44.64908122314707,1,59,
24,21.110104949970445,7.651606471412709,Mexican,44.863435314496265,0,45,
33,44.057945502050615,7.354673016102198,American,26.733832299750322,1,35,
47,10.013300244819575,3.6347838141892597,Italian,27.775824738043223,1,57,
44,10.70751238453029,8.710152509443814,Italian,22.131317576181083,1,75,
58,34.10212655,6.641987307862729,Italian,38.66425195840124,1,37,
78,24.59192876578118,6.836074109843651,Italian,24.346454521058366,1,10,
71,25.458433646365886,14.780531155759174,Mexican,20.71169898090535,0,11,
69,32.57764363,4.465267710103927,Japanese,27.28924238018033,1,41,
59,17.671298223674423,12.837199177107108,Japanese,13.659500735498348,0,38,
87,18.470214026619132,11.412992477618698,American,39.86412818576815,0,70,
84,29.384063480754588,11.361850246757346,Japanese,10.503856050871478,0,10,
18,40.17014177375452,13.260146922835519,Japanese,35.77940246082376,0,35,
43,34.77991005630351,10.967640723913078,Japanese,17.314581070194897,0,51,
85,21.894201929473557,17.585102296927694,Japanese,19.296161848576524,0,30,
44,27.213487100356847,13.511601839005197,American,35.42527995,0,32,
10,16.826590341999935,10.939265027427762,Mexican,49.71773863131629,0,12,
49,12.985192573483268,16.595262405752898,Italian,41.108699562902025,1,17,
73,41.30784162976597,12.122931298669595,Japanese,19.03358528893568,1,40,
31,20.615496367527783,5.8228849557035804,Mexican,17.04099020164535,0,57,
69,17.110655514049927,4.141898363531425,Japanese,44.64931481070681,0,55,
73,37.664722222772774,3.046555713253576,Japanese,27.76735791686017,0,23,
81,34.722066971487436,17.989104250922033,Italian,15.482112113126218,1,72,
